{
  "cross_validation": {
    "n_splits": 5,
    "test_size": 0.2,
    "fold_results": [
      {
        "metrics": {
          "precision_recall_at_k": {
            "1": {
              "precision_mean": 0.017241379310344827,
              "recall_mean": 0.004310344827586207
            },
            "5": {
              "precision_mean": 0.013793103448275864,
              "recall_mean": 0.03017241379310345
            },
            "10": {
              "precision_mean": 0.013793103448275864,
              "recall_mean": 0.048850574712643674
            }
          },
          "mrr": 0.04339080459770115,
          "ndcg": 0.031606798445746515,
          "embedding_health": {
            "mean_cosine": 0.00014013235340826213,
            "std_cosine": 0.026495713740587234,
            "zero_norm_rate": 0.0,
            "sample_pairs": 1639
          }
        },
        "statistics": {
          "num_queries": 58,
          "num_documents": 48,
          "avg_relevant_per_query": 3.086206896551724,
          "avg_retrieved_per_query": 20.0
        },
        "configuration": {
          "k_values": [
            1,
            5,
            10
          ],
          "evaluation_type": "retrieval_simulation"
        },
        "fold": 1
      },
      {
        "metrics": {
          "precision_recall_at_k": {
            "1": {
              "precision_mean": 0.0,
              "recall_mean": 0.0
            },
            "5": {
              "precision_mean": 0.010344827586206898,
              "recall_mean": 0.014367816091954021
            },
            "10": {
              "precision_mean": 0.017241379310344827,
              "recall_mean": 0.044540229885057465
            }
          },
          "mrr": 0.03139025725232622,
          "ndcg": 0.025797447260955144,
          "embedding_health": {
            "mean_cosine": -0.0006275751511566341,
            "std_cosine": 0.02516387403011322,
            "zero_norm_rate": 0.0,
            "sample_pairs": 1639
          }
        },
        "statistics": {
          "num_queries": 58,
          "num_documents": 46,
          "avg_relevant_per_query": 3.2241379310344827,
          "avg_retrieved_per_query": 20.0
        },
        "configuration": {
          "k_values": [
            1,
            5,
            10
          ],
          "evaluation_type": "retrieval_simulation"
        },
        "fold": 2
      },
      {
        "metrics": {
          "precision_recall_at_k": {
            "1": {
              "precision_mean": 0.034482758620689655,
              "recall_mean": 0.01293103448275862
            },
            "5": {
              "precision_mean": 0.020689655172413793,
              "recall_mean": 0.03304597701149425
            },
            "10": {
              "precision_mean": 0.020689655172413796,
              "recall_mean": 0.06178160919540229
            }
          },
          "mrr": 0.06412151067323481,
          "ndcg": 0.04614130221123205,
          "embedding_health": {
            "mean_cosine": -0.0001510226575192064,
            "std_cosine": 0.025050407275557518,
            "zero_norm_rate": 0.0,
            "sample_pairs": 1639
          }
        },
        "statistics": {
          "num_queries": 58,
          "num_documents": 44,
          "avg_relevant_per_query": 3.1379310344827585,
          "avg_retrieved_per_query": 20.0
        },
        "configuration": {
          "k_values": [
            1,
            5,
            10
          ],
          "evaluation_type": "retrieval_simulation"
        },
        "fold": 3
      },
      {
        "metrics": {
          "precision_recall_at_k": {
            "1": {
              "precision_mean": 0.0,
              "recall_mean": 0.0
            },
            "5": {
              "precision_mean": 0.010344827586206898,
              "recall_mean": 0.015804597701149423
            },
            "10": {
              "precision_mean": 0.013793103448275864,
              "recall_mean": 0.04310344827586207
            }
          },
          "mrr": 0.03366174055829228,
          "ndcg": 0.025866489334810987,
          "embedding_health": {
            "mean_cosine": 0.0005613996181637049,
            "std_cosine": 0.026530304923653603,
            "zero_norm_rate": 0.0,
            "sample_pairs": 1639
          }
        },
        "statistics": {
          "num_queries": 58,
          "num_documents": 49,
          "avg_relevant_per_query": 3.1379310344827585,
          "avg_retrieved_per_query": 20.0
        },
        "configuration": {
          "k_values": [
            1,
            5,
            10
          ],
          "evaluation_type": "retrieval_simulation"
        },
        "fold": 4
      },
      {
        "metrics": {
          "precision_recall_at_k": {
            "1": {
              "precision_mean": 0.0,
              "recall_mean": 0.0
            },
            "5": {
              "precision_mean": 0.006896551724137932,
              "recall_mean": 0.011494252873563218
            },
            "10": {
              "precision_mean": 0.01206896551724138,
              "recall_mean": 0.035919540229885055
            }
          },
          "mrr": 0.02545155993431855,
          "ndcg": 0.02089377031564505,
          "embedding_health": {
            "mean_cosine": -0.0009156825835816562,
            "std_cosine": 0.025574397295713425,
            "zero_norm_rate": 0.0,
            "sample_pairs": 1639
          }
        },
        "statistics": {
          "num_queries": 58,
          "num_documents": 47,
          "avg_relevant_per_query": 3.2758620689655173,
          "avg_retrieved_per_query": 20.0
        },
        "configuration": {
          "k_values": [
            1,
            5,
            10
          ],
          "evaluation_type": "retrieval_simulation"
        },
        "fold": 5
      }
    ]
  },
  "summary": {
    "mean_mrr": 0.0396031746031746,
    "std_mrr": 0.013553713825200731,
    "mean_ndcg": 0.030061161513677947,
    "std_ndcg": 0.008726689104966592,
    "precision@1_mean": 0.010344827586206896,
    "precision@1_std": 0.013793103448275862,
    "recall@1_mean": 0.0034482758620689655,
    "recall@1_std": 0.0050266826679700866,
    "precision@5_mean": 0.012413793103448277,
    "precision@5_std": 0.004677468953879495,
    "recall@5_mean": 0.02097701149425287,
    "recall@5_std": 0.008838250861626264,
    "precision@10_mean": 0.015517241379310345,
    "precision@10_std": 0.003084231693103159,
    "recall@10_mean": 0.04683908045977011,
    "recall@10_std": 0.008553377049504145
  }
}