{
  "metrics": {
    "precision_recall_at_k": {
      "1": {
        "precision_mean": 0.9,
        "recall_mean": 0.31166666666666665
      },
      "3": {
        "precision_mean": 0.5933333333333333,
        "recall_mean": 0.5566666666666666
      },
      "5": {
        "precision_mean": 0.364,
        "recall_mean": 0.5666666666666667
      }
    },
    "mrr": 0.9,
    "ndcg": 0.6486697323844202,
    "embedding_health": {
      "mean_cosine": 0.0007441933848895133,
      "std_cosine": 0.02537683956325054,
      "zero_norm_rate": 0.0,
      "sample_pairs": 9942
    }
  },
  "statistics": {
    "num_queries": 50,
    "num_documents": 104,
    "avg_relevant_per_query": 3.26,
    "avg_retrieved_per_query": 20.0
  },
  "configuration": {
    "k_values": [
      1,
      3,
      5
    ],
    "evaluation_type": "retrieval_simulation"
  }
}